<object>
     <object name="organization">
          <null name="null_test">null</null>
          <number name="floating">-17.4</number>
          <string name="name">RiskSense</string>
          <string name="type">Inc</string>
          <number name="building_number">4</number>
     </object>
     <boolean name="security_related">true</boolean>
     <array name="array_example0">
          <string>red</string>
          <string>green</string>
          <string>blue</string>
          <string>black</string>
     </array>
     <array name="array_example1">
          <number>1</number>
          <string>red</string>
          <array name="array_example1">
               <object>
                    <boolean name="nested">true</boolean>
               </object>
          </array>
          <object>
               <boolean name="obj">false</boolean>
          </object>
     </array>
</object>
